,S_data,S_ora,R_peso,C_temp,C_cacca,C_sport,C_lavoro,C_happy,C_sesso,C_social,R_steam,S_note
0,2021-08-20,,83.1,0.0,1.0,1.0,0.0,,0.0,0.0,,
1,2021-08-21,,82.6,0.0,1.0,1.0,0.0,,0.0,0.0,,
2,2021-08-22,,82.8,0.0,0.0,1.0,0.0,,0.0,0.0,,
3,2021-08-23,,83.2,0.0,1.0,0.0,0.0,,0.0,0.0,,
4,2021-08-24,,83.3,0.0,1.0,1.0,0.0,,0.0,0.0,,
5,2021-08-25,,82.9,1.0,1.0,1.0,0.0,,0.0,0.0,,
6,2021-08-26,,82.6,1.0,1.0,1.0,0.0,,0.0,0.0,,
7,2021-08-27,,82.8,0.0,1.0,0.0,0.0,,0.0,0.0,,
8,2021-08-28,,83.0,1.0,0.0,1.0,0.0,,0.0,0.0,,
9,2021-08-29,,83.2,0.0,1.0,0.0,0.0,,0.0,0.0,,
10,2021-08-30,,82.9,0.0,1.0,0.0,0.0,,0.0,0.0,,
11,2021-08-31,,82.9,0.0,1.0,0.0,0.0,,0.0,0.0,,
12,2021-09-01,,82.7,0.0,1.0,0.0,0.0,,0.0,0.0,,
13,2021-09-02,,82.6,0.0,1.0,0.0,0.0,,0.0,0.0,,
14,2021-09-03,,82.8,0.0,1.0,0.0,0.0,,0.0,0.0,,
15,2021-09-04,,82.8,0.0,1.0,0.0,0.0,,0.0,0.0,,
16,2021-09-05,,83.1,0.0,1.0,0.0,0.0,,0.0,0.0,,
17,2021-09-06,,82.2,0.0,1.0,0.0,0.0,,0.0,0.0,,
18,2021-09-07,,82.5,0.0,1.0,0.0,0.0,,0.0,0.0,,
19,2021-09-08,,82.5,0.0,1.0,0.0,0.0,,0.0,0.0,,
20,2021-09-09,,82.0,0.0,1.0,0.0,0.0,,0.0,0.0,,ridotto olanzapina a zero nei 16 giorni successivi
21,2021-09-10,,82.8,0.0,1.0,0.0,0.0,2.0,0.0,1.0,,"serata dnd (Attilio,Folena,Victor)"
22,2021-09-11,,82.5,0.0,1.0,0.0,0.0,,0.0,0.0,,
23,2021-09-12,,81.8,0.0,1.0,0.0,0.0,,0.0,0.0,,
24,2021-09-13,,81.8,0.0,0.0,0.0,0.0,,0.0,0.0,,
25,2021-09-14,,,0.0,0.0,0.0,1.0,,0.0,0.0,,
26,2021-09-15,,82.2,0.0,1.0,0.0,0.0,,0.0,0.0,,
27,2021-09-16,,,0.0,0.0,0.0,1.0,,0.0,0.0,,
28,2021-09-17,,,0.0,0.0,0.0,1.0,,0.0,0.0,,
29,2021-09-18,,81.8,0.0,1.0,0.0,0.0,,0.0,0.0,,
30,2021-09-19,,81.3,0.0,0.0,0.0,0.0,,0.0,0.0,,
31,2021-09-20,,80.7,0.0,1.0,0.0,1.0,0.0,0.0,0.0,,
32,2021-09-21,,,0.0,0.0,0.0,1.0,0.0,0.0,0.0,,
33,2021-09-22,,80.7,1.0,1.0,1.0,0.0,0.0,0.0,1.0,,"passeggiata in montagna (Elisa,Marco,Stefano,Maurizio,Chiara,GiacomoL)"
34,2021-09-23,,,0.0,0.0,0.0,1.0,,0.0,0.0,,
35,2021-09-24,,81.1,1.0,1.0,0.0,1.0,,0.0,0.0,,
36,2021-09-25,,81.6,1.0,0.0,0.0,0.0,0.0,0.0,1.0,,"bancarelle (Stefano,Elisa,Chiara)"
37,2021-09-26,,81.0,0.0,1.0,0.0,0.0,,0.0,0.0,,
38,2021-09-27,,80.4,0.0,1.0,0.0,1.0,,0.0,0.0,,
39,2021-09-28,,80.2,0.0,0.0,0.0,1.0,2.0,0.0,1.0,,"serata in ristorante (Elisa,Marco,Stefano,Maurizio,Chiara,GiacomoL,Giorgia)"
40,2021-09-29,,80.7,0.0,1.0,0.0,0.0,,0.0,0.0,,
41,2021-09-30,,79.9,1.0,1.0,0.0,1.0,0.0,0.0,0.0,,
42,2021-10-01,,80.3,0.0,0.0,0.0,1.0,0.0,0.0,0.0,,preso efexor la sera
43,2021-10-02,,81.1,1.0,0.0,0.0,0.0,1.0,0.0,0.0,,
44,2021-10-03,,80.8,0.0,0.0,0.0,0.0,,0.0,0.0,,
45,2021-10-04,,80.4,1.0,1.0,0.0,1.0,,0.0,0.0,,
46,2021-10-05,,80.3,1.0,1.0,0.0,1.0,,0.0,0.0,,
47,2021-10-06,,80.0,0.0,1.0,0.0,1.0,,0.0,0.0,,
48,2021-10-07,,80.0,0.0,0.0,0.0,1.0,,0.0,0.0,,
49,2021-10-08,,80.3,1.0,1.0,0.0,1.0,,0.0,0.0,,
50,2021-10-09,,80.2,1.0,0.0,0.0,0.0,,0.0,0.0,,
51,2021-10-10,,80.2,0.0,1.0,0.0,0.0,,0.0,0.0,,dimenticato di prendere efexor
52,2021-10-11,,79.2,0.0,1.0,0.0,1.0,,0.0,0.0,,
53,2021-10-12,,79.8,1.0,1.0,0.0,1.0,,0.0,0.0,,
54,2021-10-13,,79.5,1.0,0.0,0.0,0.0,0.0,0.0,1.0,,"serata da Stefano (Elisa,Marco,Stefano,Chiara,GiacomoL,Giorgia)"
55,2021-10-14,,79.8,1.0,1.0,0.0,1.0,,0.0,0.0,,
56,2021-10-15,,79.3,0.0,0.0,0.0,1.0,,0.0,0.0,,
57,2021-10-16,,79.1,0.0,1.0,0.0,0.0,1.0,0.0,1.0,,"serata in ristorante (Elisa,Marco,Stefano,Maurizio,Chiara,GiacomoL,Giorgia)"
58,2021-10-17,,79.6,1.0,0.0,0.0,0.0,,0.0,0.0,,
59,2021-10-18,,,0.0,1.0,0.0,1.0,,0.0,0.0,,
60,2021-10-19,,79.4,0.0,0.0,0.0,1.0,,0.0,0.0,,
61,2021-10-20,,,0.0,1.0,0.0,1.0,1.0,0.0,1.0,,"serata dnd (Marco,GiacomoL,Maurizio)"
62,2021-10-21,,79.0,1.0,1.0,0.0,1.0,,0.0,0.0,,
63,2021-10-22,,,0.0,0.0,0.0,1.0,1.0,0.0,1.0,,"aperitivo (Elisa,Marco,Chiara,GiacomoL,Giorgia)"
64,2021-10-23,,78.6,0.0,1.0,0.0,0.0,1.0,0.0,1.0,,"aperitivo (Marco,GiacomoL,Elisa)"
65,2021-10-24,,79.0,1.0,0.0,0.0,0.0,,0.0,0.0,,
66,2021-10-25,,78.6,1.0,1.0,0.0,1.0,,0.0,0.0,,
67,2021-10-26,,78.4,1.0,1.0,0.0,1.0,,0.0,0.0,,
68,2021-10-27,,78.8,1.0,1.0,0.0,1.0,1.0,0.0,0.0,,
69,2021-10-28,,78.3,0.0,0.0,0.0,1.0,1.0,0.0,0.0,,
70,2021-10-29,,78.6,1.0,1.0,0.0,1.0,1.0,0.0,0.0,,
71,2021-10-30,,,0.0,0.0,0.0,0.0,0.0,0.0,0.0,,
72,2021-10-31,,78.1,0.0,1.0,0.0,0.0,0.0,0.0,1.0,,"serata da Stefano (Elisa,Marco,Stefano,Maurizio,Chiara,GiacomoL,Giorgia)"
73,2021-11-01,,78.1,0.0,1.0,0.0,0.0,1.0,0.0,0.0,,
74,2021-11-02,,78.5,1.0,0.0,0.0,1.0,1.0,0.0,0.0,,
75,2021-11-03,,,0.0,1.0,0.0,1.0,1.0,0.0,0.0,,
76,2021-11-04,,79.1,1.0,1.0,0.0,0.0,1.0,0.0,0.0,,
77,2021-11-05,,,0.0,1.0,0.0,1.0,2.0,0.0,0.0,,"preso efexor la sera, esame"
78,2021-11-06,,78.2,0.0,0.0,0.0,0.0,0.0,0.0,1.0,,"serata in ristorante (Elisa,Stefano,Chiara,GiacomoL,Giorgia)"
79,2021-11-07,,79.3,1.0,0.0,0.0,0.0,0.0,0.0,0.0,,
80,2021-11-08,,78.4,1.0,1.0,0.0,1.0,0.0,0.0,0.0,,
81,2021-11-09,,78.0,0.0,0.0,0.0,1.0,0.0,0.0,0.0,,
82,2021-11-10,,78.4,1.0,1.0,0.0,1.0,1.0,0.0,1.0,,"studiato da Chiara (Chiara,Elisa,Giorgia,Maurizio)"
83,2021-11-11,,78.4,0.0,0.0,0.0,1.0,1.0,0.0,0.0,,
84,2021-11-12,,78.4,0.0,1.0,0.0,1.0,1.0,0.0,0.0,,esame
85,2021-11-13,,,0.0,0.0,0.0,0.0,1.0,0.0,0.0,,
86,2021-11-14,,78.6,1.0,0.0,0.0,0.0,1.0,0.0,0.0,,
87,2021-11-15,,78.3,1.0,1.0,0.0,1.0,2.0,0.0,0.0,,
88,2021-11-16,,77.6,0.0,0.0,0.0,1.0,0.0,0.0,0.0,,
89,2021-11-17,,,0.0,0.0,0.0,0.0,1.0,0.0,0.0,,
90,2021-11-18,,78.5,0.0,0.0,0.0,1.0,1.0,0.0,0.0,,
91,2021-11-19,,78.1,0.0,1.0,0.0,1.0,2.0,0.0,1.0,,"serata da Stefano (Elisa,Marco,Stefano,Maurizio,Chiara,GiacomoL,Giorgia)"
92,2021-11-20,,78.5,1.0,1.0,1.0,0.0,2.0,0.0,1.0,,"preso efexor la sera, passeggiata in montagna (Elisa,Stefano,Maurizio,Chiara,Giorgia)"
93,2021-11-21,,,0.0,0.0,0.0,0.0,1.0,0.0,0.0,,
94,2021-11-22,,79.0,0.0,1.0,0.0,1.0,1.0,0.0,0.0,,
95,2021-11-23,,78.3,1.0,1.0,0.0,1.0,2.0,0.0,0.0,,
96,2021-11-24,,78.4,1.0,1.0,0.0,1.0,1.0,0.0,0.0,,
97,2021-11-25,,77.7,0.0,1.0,0.0,1.0,1.0,0.0,0.0,,
98,2021-11-26,,77.3,0.0,0.0,0.0,1.0,0.0,0.0,0.0,,
99,2021-11-27,,77.8,1.0,0.0,0.0,0.0,1.0,0.0,1.0,,"mercatini di natale (Elisa,Giorgia,Maurizio)"
100,2021-11-28,,78.2,1.0,1.0,0.0,0.0,0.0,0.0,0.0,,
101,2021-11-29,,77.4,0.0,0.0,0.0,1.0,1.0,0.0,1.0,,"serata dnd (Marco,GiacomoL,Stefano,Maurizio)"
102,2021-11-30,,78.2,0.0,1.0,0.0,1.0,1.0,0.0,0.0,,
103,2021-12-01,,77.7,0.0,0.0,0.0,1.0,1.0,0.0,0.0,,preso efexor la sera
104,2021-12-02,,78.0,1.0,1.0,0.0,1.0,1.0,0.0,0.0,,
105,2021-12-03,,77.6,0.0,1.0,0.0,1.0,1.0,0.0,1.0,,serata da Giorgia (Octagram-Marco)
106,2021-12-04,,77.8,0.0,1.0,0.0,0.0,1.0,0.0,0.0,,
107,2021-12-05,,77.7,1.0,1.0,0.0,0.0,2.0,0.0,0.0,,
108,2021-12-06,,77.1,0.0,0.0,0.0,1.0,1.0,0.0,0.0,,
109,2021-12-07,,,0.0,0.0,0.0,1.0,1.0,0.0,0.0,,
110,2021-12-08,,78.0,2.0,0.0,0.0,0.0,1.0,0.0,0.0,,
111,2021-12-09,,77.4,1.0,0.0,1.0,1.0,2.0,0.0,1.0,,"piscina (GiacomoL,Maurizio,Giorgia,Elisa)"
112,2021-12-10,,,0.0,1.0,0.0,1.0,1.0,0.0,0.0,,
113,2021-12-11,,,0.0,0.0,0.0,0.0,1.0,0.0,0.0,,
114,2021-12-12,,77.6,0.0,1.0,0.0,0.0,1.0,0.0,0.0,,
115,2021-12-13,,,0.0,1.0,0.0,0.0,0.0,0.0,0.0,,
116,2021-12-14,,77.2,0.0,1.0,1.0,1.0,0.0,0.0,1.0,,"piscina (Chiara,Maurizio,Giorgia,Elisa)"
117,2021-12-15,,,0.0,0.0,0.0,0.0,1.0,0.0,0.0,,dentista
118,2021-12-16,,77.4,0.0,1.0,0.0,1.0,0.0,0.0,0.0,,esame
119,2021-12-17,,77.7,1.0,0.0,0.0,0.0,1.0,0.0,0.0,,
120,2021-12-18,,,0.0,1.0,0.0,0.0,0.0,0.0,0.0,,
121,2021-12-19,,77.8,1.0,0.0,0.0,0.0,0.0,0.0,0.0,,
122,2021-12-20,,76.8,0.0,1.0,0.0,0.0,1.0,0.0,0.0,,diarrea
123,2021-12-21,,76.4,0.0,1.0,1.0,1.0,2.0,0.0,1.0,,"esame, piscina (Chiara,Maurizio,Elisa,Giorgia)"
124,2021-12-22,,76.4,0.0,1.0,0.0,0.0,2.0,0.0,1.0,,"pranzo da GiacomoL (Elisa,Marco,Stefano,Maurizio,Chiara,GiacomoL,Giorgia)"
125,2021-12-23,,77.8,0.0,1.0,0.0,0.0,1.0,0.0,0.0,,
126,2021-12-24,,77.4,0.0,1.0,0.0,0.0,1.0,0.0,0.0,,
127,2021-12-25,,77.1,0.0,0.0,0.0,0.0,0.0,0.0,1.0,,natale
128,2021-12-26,,77.6,0.0,1.0,0.0,0.0,1.0,0.0,0.0,,
129,2021-12-27,,,0.0,0.0,0.0,0.0,1.0,0.0,0.0,,preso solo 150mg di efexor
130,2021-12-28,,77.3,0.0,1.0,0.0,0.0,1.0,0.0,0.0,,
131,2021-12-29,,77.3,0.0,1.0,0.0,0.0,2.0,0.0,0.0,,
132,2021-12-30,,77.4,0.0,1.0,0.0,0.0,1.0,0.0,0.0,,
133,2021-12-31,,,0.0,0.0,0.0,0.0,1.0,0.0,1.0,,capodanno
134,2022-01-01,,77.9,0.0,1.0,0.0,0.0,1.0,0.0,0.0,,
135,2022-01-02,,77.7,0.0,1.0,0.0,0.0,1.0,0.0,0.0,,
136,2022-01-03,,77.6,0.0,1.0,0.0,0.0,1.0,0.0,0.0,,preso solo 75mg di efexor
137,2022-01-04,,77.6,0.0,1.0,0.0,0.0,2.0,0.0,0.0,,
138,2022-01-05,,77.3,1.0,0.0,0.0,0.0,0.0,0.0,0.0,,
139,2022-01-06,,77.9,1.0,1.0,0.0,0.0,1.0,0.0,0.0,,
140,2022-01-07,,77.4,0.0,1.0,0.0,0.0,2.0,0.0,0.0,,
141,2022-01-08,,78.3,1.0,1.0,0.0,0.0,1.0,0.0,0.0,,
142,2022-01-09,,,0.0,0.0,0.0,0.0,1.0,0.0,0.0,,
143,2022-01-10,,,0.0,0.0,0.0,0.0,2.0,0.0,0.0,,
144,2022-01-11,,77.7,1.0,1.0,0.0,0.0,1.0,0.0,0.0,,
145,2022-01-12,,77.1,0.0,1.0,0.0,1.0,0.0,0.0,0.0,,esame
146,2022-01-13,,77.5,0.0,1.0,0.0,1.0,2.0,0.0,0.0,,esame
147,2022-01-14,,,0.0,1.0,0.0,0.0,2.0,0.0,0.0,,
148,2022-01-15,,77.2,0.0,1.0,0.0,0.0,1.0,0.0,0.0,,
149,2022-01-16,,77.7,1.0,1.0,0.0,0.0,1.0,0.0,0.0,,
150,2022-01-17,,,0.0,0.0,0.0,0.0,1.0,0.0,0.0,,dentista
151,2022-01-18,,,0.0,0.0,0.0,0.0,1.0,0.0,0.0,,"vaccino, serata da Giorgia (Elisa,Stefano,Maurizio,Chiara,GiacomoL,Giorgia)"
152,2022-01-19,,77.0,0.0,1.0,0.0,0.0,0.0,0.0,0.0,,febbre
153,2022-01-20,,,0.0,0.0,0.0,0.0,1.0,0.0,0.0,,
154,2022-01-21,,77.1,1.0,0.0,0.0,0.0,1.0,0.0,0.0,,
155,2022-01-22,,76.9,0.0,1.0,0.0,0.0,2.0,0.0,1.0,,
156,2022-01-23,,77.1,0.0,1.0,0.0,0.0,2.0,0.0,0.0,,
157,2022-01-24,,76.3,0.0,1.0,0.0,0.0,2.0,0.0,0.0,,
158,2022-01-25,,75.9,0.0,1.0,0.0,0.0,1.0,0.0,0.0,,
159,2022-01-26,,,0.0,0.0,0.0,0.0,1.0,0.0,0.0,,
160,2022-01-27,,76.8,0.0,1.0,0.0,0.0,1.0,0.0,0.0,,
161,2022-01-28,,76.3,0.0,0.0,0.0,0.0,0.0,0.0,1.0,,"serata da Chiara (Chiara,Giorgia,Stefano)"
162,2022-01-29,,76.4,0.0,0.0,0.0,0.0,1.0,0.0,0.0,,
163,2022-01-30,,,0.0,0.0,0.0,0.0,1.0,0.0,0.0,,
164,2022-01-31,,76.4,0.0,1.0,0.0,0.0,1.0,0.0,0.0,,
165,2022-02-01,,,0.0,0.0,0.0,0.0,0.0,0.0,0.0,,dentista
166,2022-02-02,,76.6,1.0,1.0,0.0,0.0,1.0,0.0,0.0,,
167,2022-02-03,,,0.0,0.0,1.0,0.0,1.0,0.0,1.0,,"piscina, serata in ristorante (Elisa,Stefano,Maurizio,Chiara,Giorgia)"
168,2022-02-04,,77.2,1.0,1.0,0.0,0.0,0.0,0.0,0.0,,
169,2022-02-05,,76.6,0.0,1.0,0.0,0.0,1.0,0.0,0.0,,
170,2022-02-06,,,0.0,0.0,0.0,0.0,2.0,0.0,0.0,,
171,2022-02-07,,76.8,0.0,1.0,0.0,0.0,1.0,0.0,0.0,,
172,2022-02-08,,,0.0,0.0,1.0,0.0,0.0,0.0,1.0,,"piscina (Stefano,Maurizio,Chiara,Giorgia)"
173,2022-02-09,,76.4,0.0,1.0,0.0,0.0,1.0,0.0,0.0,,
174,2022-02-10,,,0.0,0.0,1.0,0.0,0.0,0.0,1.0,,"piscina (Elisa,Maurizio,Stefano)"
175,2022-02-11,,75.6,0.0,1.0,0.0,0.0,1.0,0.0,0.0,,
176,2022-02-12,,76.7,1.0,0.0,1.0,0.0,0.0,0.0,1.0,,"passeggiata in montagna (Elisa,Stefano,Maurizio,Chiara,Giorgia)"
177,2022-02-13,,76.5,0.0,1.0,0.0,0.0,0.0,0.0,0.0,,otite
178,2022-02-14,,76.5,0.0,1.0,0.0,0.0,2.0,0.0,0.0,,otite
179,2022-02-15,,75.9,0.0,1.0,0.0,0.0,1.0,0.0,1.0,,"otite, serata da me (Elisa,Stefano,Maurizio,Chiara,Giorgia)"
180,2022-02-16,,76.8,0.0,1.0,0.0,0.0,2.0,0.0,0.0,,otite
181,2022-02-17,,75.9,1.0,0.0,1.0,0.0,2.0,0.0,1.0,,"otite, ciaspolata (Elisa,Stefano,Maurizio,Chiara,Giorgia)"
182,2022-02-18,,,0.0,0.0,0.0,0.0,1.0,0.0,0.0,,otite
183,2022-02-19,,76.4,0.0,1.0,0.0,0.0,0.0,0.0,0.0,,otite
184,2022-02-20,,,0.0,0.0,0.0,0.0,2.0,0.0,1.0,,"otite, serata in ristorante (Elisa,Stefano)"
185,2022-02-21,,,0.0,0.0,0.0,0.0,1.0,0.0,0.0,,otite
186,2022-02-22,,76.1,0.0,1.0,0.0,0.0,2.0,0.0,0.0,,"otite, ridotto efexor a 150mg"
187,2022-02-23,,75.8,0.0,1.0,0.0,0.0,1.0,0.0,0.0,,otite
188,2022-02-24,,75.8,0.0,1.0,0.0,0.0,0.0,0.0,0.0,,otite
189,2022-02-25,,76.2,0.0,1.0,0.0,0.0,1.0,0.0,0.0,,
190,2022-02-26,,,0.0,0.0,0.0,0.0,1.0,0.0,1.0,,"aperitivo (Victor,Attilio)"
191,2022-02-27,,77.2,2.0,0.0,0.0,0.0,2.0,0.0,0.0,,
192,2022-02-28,,76.4,1.0,1.0,0.0,1.0,0.0,0.0,0.0,,preso efexor la sera
193,2022-03-01,,,0.0,0.0,0.0,1.0,0.0,0.0,0.0,,
194,2022-03-02,,76.4,0.0,1.0,0.0,1.0,1.0,0.0,0.0,,
195,2022-03-03,,75.9,1.0,1.0,0.0,1.0,0.0,0.0,0.0,,
196,2022-03-04,,75.9,0.0,0.0,0.0,1.0,1.0,0.0,1.0,,cinema (Folena)
197,2022-03-05,,75.9,1.0,0.0,1.0,0.0,0.0,0.0,1.0,,"sci (Giorgia,Elisa,Chiara,Maurizio,GiacomoZ)"
198,2022-03-06,,75.7,0.0,1.0,0.0,0.0,1.0,0.0,0.0,,
199,2022-03-07,,75.5,1.0,1.0,0.0,1.0,1.0,0.0,0.0,,
200,2022-03-08,,75.8,2.0,1.0,0.0,1.0,1.0,0.0,0.0,,
201,2022-03-09,,75.0,0.0,0.0,0.0,1.0,1.0,0.0,0.0,,
202,2022-03-10,,75.5,1.0,1.0,0.0,1.0,1.0,0.0,1.0,,aperitivo
203,2022-03-11,,,0.0,0.0,0.0,1.0,1.0,0.0,0.0,,
204,2022-03-12,,75.8,0.0,1.0,0.0,0.0,1.0,0.0,1.0,,"serata da GiacomoL (GiacomoL,Maurizio)"
205,2022-03-13,,76.1,0.0,1.0,0.0,0.0,0.0,0.0,0.0,,preso efexor la sera
206,2022-03-14,,75.9,1.0,0.0,0.0,1.0,2.0,0.0,0.0,,
207,2022-03-15,,75.7,0.0,1.0,0.0,1.0,0.0,0.0,0.0,,
208,2022-03-16,,75.1,1.0,1.0,0.0,1.0,0.0,0.0,0.0,,
209,2022-03-17,,75.4,1.0,1.0,0.0,1.0,2.0,0.0,0.0,,
210,2022-03-18,,,0.0,0.0,0.0,1.0,1.0,0.0,0.0,,
211,2022-03-19,,76.4,1.0,1.0,0.0,0.0,1.0,0.0,0.0,,
212,2022-03-20,,75.8,0.0,1.0,0.0,0.0,2.0,0.0,0.0,,
213,2022-03-21,,75.6,0.0,1.0,0.0,1.0,1.0,0.0,0.0,,
214,2022-03-22,,75.2,0.0,0.0,0.0,1.0,1.0,0.0,0.0,,
215,2022-03-23,,75.5,0.0,1.0,0.0,1.0,2.0,0.0,0.0,,
216,2022-03-24,,75.9,0.0,0.0,0.0,1.0,0.0,0.0,0.0,,
217,2022-03-25,,76.0,0.0,1.0,0.0,1.0,0.0,0.0,0.0,,
218,2022-03-26,,75.5,0.0,1.0,0.0,0.0,1.0,0.0,0.0,,
219,2022-03-27,,75.8,1.0,0.0,0.0,0.0,1.0,0.0,1.0,,"serata in ristorante (Maurizio,GiacomoL,Marco,Stefano)"
220,2022-03-28,,75.1,1.0,0.0,0.0,1.0,2.0,0.0,0.0,,
221,2022-03-29,,75.6,1.0,1.0,0.0,1.0,2.0,0.0,0.0,,
222,2022-03-30,,75.1,1.0,1.0,0.0,1.0,1.0,0.0,0.0,,
223,2022-03-31,,75.1,0.0,0.0,0.0,1.0,2.0,0.0,0.0,,
224,2022-04-01,,,0.0,1.0,0.0,1.0,1.0,0.0,0.0,,
225,2022-04-02,,75.7,1.0,0.0,0.0,0.0,1.0,0.0,0.0,,
226,2022-04-03,,75.0,0.0,1.0,0.0,0.0,1.0,0.0,0.0,,
227,2022-04-04,,74.9,0.0,1.0,0.0,1.0,1.0,0.0,0.0,,
228,2022-04-05,,75.4,0.0,1.0,0.0,1.0,2.0,0.0,0.0,,presentazione
229,2022-04-06,,75.4,0.0,1.0,0.0,1.0,1.0,0.0,0.0,,esame
230,2022-04-07,,74.9,0.0,0.0,0.0,1.0,0.0,0.0,0.0,,
231,2022-04-08,,75.0,0.0,0.0,0.0,1.0,0.0,0.0,0.0,,
232,2022-04-09,,74.9,0.0,0.0,0.0,0.0,1.0,0.0,1.0,,"studiato da Giorgia (Giorgia,Chiara)"
233,2022-04-10,,74.9,0.0,0.0,0.0,0.0,1.0,0.0,1.0,,"studiato da Giorgia (Giorgia,Chiara)"
234,2022-04-11,,75.5,0.0,1.0,0.0,1.0,1.0,0.0,0.0,,
235,2022-04-12,,75.5,0.0,1.0,0.0,1.0,0.0,0.0,0.0,,presentazione
236,2022-04-13,,75.8,0.0,1.0,0.0,1.0,1.0,0.0,1.0,,"presentazione, serata in ristorante (Elisa,Stefano,Maurizio,Chiara,Giorgia)"
237,2022-04-14,,,0.0,0.0,0.0,0.0,1.0,0.0,0.0,,
238,2022-04-15,,76.3,0.0,1.0,0.0,0.0,1.0,0.0,1.0,,"serata in ristorante (Victor,Folena)"
239,2022-04-16,,,0.0,0.0,0.0,0.0,1.0,0.0,0.0,,
240,2022-04-17,,76.5,0.0,1.0,0.0,0.0,1.0,0.0,1.0,,pasqua
241,2022-04-18,,77.2,1.0,0.0,0.0,0.0,1.0,0.0,0.0,,
242,2022-04-19,,76.3,1.0,1.0,0.0,1.0,1.0,0.0,0.0,,
243,2022-04-20,,76.3,0.0,1.0,0.0,1.0,1.0,0.0,0.0,,
244,2022-04-21,,76.5,1.0,1.0,0.0,1.0,1.0,0.0,0.0,,
245,2022-04-22,,76.5,0.0,1.0,0.0,1.0,0.0,0.0,0.0,,esame
246,2022-04-23,,76.2,0.0,1.0,0.0,0.0,1.0,0.0,0.0,,
247,2022-04-24,,76.2,0.0,1.0,0.0,0.0,1.0,0.0,0.0,,
248,2022-04-25,,77.1,1.0,1.0,0.0,0.0,0.0,0.0,0.0,,
249,2022-04-26,,76.3,1.0,1.0,0.0,1.0,1.0,0.0,0.0,,
250,2022-04-27,,76.0,0.0,1.0,0.0,1.0,0.0,0.0,0.0,,
251,2022-04-28,,76.1,1.0,0.0,1.0,1.0,2.0,0.0,1.0,,"pallavolo (Marco,Maurizio,Giorgia,Chiara)"
252,2022-04-29,,76.7,0.0,0.0,0.0,1.0,1.0,0.0,0.0,,
253,2022-04-30,,76.8,0.0,1.0,0.0,0.0,2.0,0.0,1.0,,"serata da GiacomoL (GiacomoL,Maurizio)"
254,2022-05-01,,77.0,1.0,1.0,0.0,0.0,1.0,0.0,0.0,,
255,2022-05-02,,76.7,0.0,0.0,0.0,1.0,0.0,0.0,0.0,,
256,2022-05-03,,76.3,1.0,1.0,1.0,1.0,1.0,0.0,1.0,,"pallavolo (Linda,GiacomoZ,Elisa,Maurizio,Chiara,GiacomoL,Giorgia)"
257,2022-05-04,,76.7,1.0,1.0,0.0,1.0,1.0,0.0,0.0,,
258,2022-05-05,,76.2,0.0,1.0,0.0,1.0,1.0,0.0,0.0,,
259,2022-05-06,,76.5,0.0,1.0,0.0,1.0,0.0,0.0,1.0,,"serata in ristorante (Giorgia,Elisa,Stefano,GiacomoZ)"
260,2022-05-07,,77.0,1.0,1.0,0.0,0.0,0.0,0.0,0.0,,
261,2022-05-08,,77.1,1.0,1.0,0.0,0.0,1.0,0.0,0.0,,
262,2022-05-09,,76.8,1.0,1.0,0.0,1.0,1.0,0.0,0.0,,
263,2022-05-10,,75.9,1.0,0.0,1.0,1.0,1.0,0.0,1.0,,"pallavolo (GiacomoZ,Linda,Elisa,Marco,Stefano,Maurizio,Chiara,Giorgia)"
264,2022-05-11,,76.1,1.0,1.0,0.0,1.0,0.0,0.0,0.0,,
265,2022-05-12,,76.8,1.0,0.0,0.0,1.0,0.0,0.0,0.0,,
266,2022-05-13,,76.9,0.0,0.0,0.0,1.0,1.0,0.0,0.0,,
267,2022-05-14,,77.3,1.0,0.0,1.0,0.0,1.0,0.0,0.0,,legna
268,2022-05-15,,77.3,2.0,1.0,0.0,0.0,1.0,0.0,0.0,,
269,2022-05-16,,76.3,1.0,1.0,0.0,1.0,1.0,0.0,0.0,,
270,2022-05-17,,76.8,1.0,0.0,0.0,1.0,1.0,0.0,0.0,,
271,2022-05-18,,77.3,0.0,0.0,0.0,0.0,1.0,0.0,0.0,,
272,2022-05-19,,76.8,0.0,1.0,0.0,1.0,1.0,0.0,0.0,,
273,2022-05-20,,76.7,0.0,0.0,0.0,0.0,1.0,0.0,0.0,,
274,2022-05-21,,76.8,0.0,0.0,0.0,0.0,1.0,0.0,0.0,,
275,2022-05-22,,76.9,0.0,1.0,0.0,0.0,1.0,0.0,0.0,,pranzo in ristorante
276,2022-05-23,,77.2,2.0,1.0,0.0,1.0,2.0,0.0,0.0,,
277,2022-05-24,,76.1,1.0,1.0,0.0,1.0,1.0,0.0,0.0,,
278,2022-05-25,,76.7,0.0,1.0,0.0,1.0,0.0,0.0,0.0,,
279,2022-05-26,,77.0,0.0,0.0,0.0,1.0,1.0,0.0,0.0,,
280,2022-05-27,,76.6,0.0,1.0,0.0,0.0,2.0,0.0,1.0,,"aperitivo (Folena,Attilio)"
281,2022-05-28,,76.6,0.0,1.0,0.0,0.0,1.0,0.0,0.0,,
282,2022-05-29,,76.5,0.0,0.0,0.0,0.0,1.0,0.0,0.0,,serata in ristorante (Vittoria)
283,2022-05-30,,76.8,1.0,1.0,0.0,1.0,0.0,0.0,0.0,,
284,2022-05-31,,76.3,1.0,0.0,0.0,1.0,1.0,0.0,1.0,,"BBBQ (Elisa,Marco,Stefano,Maurizio,Chiara,GiacomoL,Giorgia,Linda,GiacomoZ)"
285,2022-06-01,,76.2,0.0,1.0,0.0,0.0,0.0,0.0,0.0,,
286,2022-06-02,,77.0,1.0,0.0,0.0,0.0,0.0,0.0,0.0,,
287,2022-06-03,,76.1,0.0,0.0,0.0,0.0,2.0,0.0,0.0,,
288,2022-06-04,,,0.0,0.0,0.0,0.0,1.0,0.0,0.0,,
289,2022-06-05,,77.7,1.0,0.0,0.0,0.0,1.0,0.0,0.0,,
290,2022-06-06,,77.3,0.0,1.0,0.0,1.0,1.0,0.0,0.0,,dimenticato di prendere efexor
291,2022-06-07,,76.4,1.0,1.0,0.0,1.0,2.0,0.0,0.0,,
292,2022-06-08,,76.7,0.0,1.0,0.0,1.0,2.0,0.0,0.0,,
293,2022-06-09,,76.7,1.0,1.0,0.0,1.0,1.0,0.0,0.0,,esame
294,2022-06-10,,77.0,1.0,1.0,0.0,1.0,2.0,0.0,0.0,,presentazione
295,2022-06-11,,77.0,0.0,0.0,0.0,0.0,1.0,0.0,0.0,,
296,2022-06-12,,76.5,0.0,0.0,0.0,0.0,2.0,0.0,0.0,,
297,2022-06-13,,76.5,1.0,1.0,0.0,1.0,1.0,0.0,0.0,,
298,2022-06-14,,76.5,1.0,1.0,0.0,1.0,2.0,0.0,1.0,,"serata al lago (Stefano,Maurizio,Elisa,Giorgia,Linda)"
299,2022-06-15,,76.9,1.0,1.0,0.0,1.0,1.0,0.0,0.0,,
300,2022-06-16,,76.9,1.0,1.0,0.0,1.0,0.0,0.0,0.0,,
301,2022-06-17,,,0.0,1.0,0.0,1.0,0.0,0.0,0.0,,
302,2022-06-18,,76.4,1.0,1.0,0.0,0.0,1.0,0.0,1.0,,museo (Vittoria)
303,2022-06-19,,,0.0,0.0,0.0,0.0,0.0,0.0,1.0,,viaggio a Roma (Stefano)
304,2022-06-20,,,0.0,0.0,1.0,0.0,1.0,0.0,1.0,,viaggio a Roma (Stefano)
305,2022-06-21,,,0.0,0.0,1.0,0.0,1.0,0.0,1.0,,"viaggio a Roma, compleanno (Stefano)"
306,2022-06-22,,,0.0,1.0,1.0,0.0,2.0,0.0,1.0,,"viaggio a Roma, aperitivo (Stefano,Folena)"
307,2022-06-23,,77.1,1.0,1.0,0.0,0.0,1.0,0.0,0.0,,"preso efexor la sera, ridotto efexor a 75mg"
308,2022-06-24,,77.2,0.0,0.0,0.0,0.0,1.0,0.0,0.0,,
309,2022-06-25,,77.4,0.0,0.0,0.0,0.0,2.0,0.0,0.0,,
310,2022-06-26,,76.9,0.0,1.0,0.0,0.0,1.0,0.0,0.0,,
311,2022-06-27,,76.5,1.0,1.0,0.0,1.0,1.0,0.0,1.0,,serata in ristorante (Stefano)
312,2022-06-28,,76.6,0.0,0.0,0.0,1.0,1.0,0.0,0.0,,
313,2022-06-29,,77.3,0.0,1.0,0.0,1.0,1.0,0.0,0.0,,
314,2022-06-30,,77.3,0.0,0.0,0.0,1.0,0.0,0.0,0.0,,
315,2022-07-01,,77.6,1.0,1.0,0.0,1.0,1.0,0.0,0.0,,
316,2022-07-02,,77.8,0.0,0.0,0.0,0.0,0.0,0.0,0.0,,otite
317,2022-07-03,,77.8,0.0,1.0,0.0,0.0,2.0,0.0,0.0,,
318,2022-07-04,,,0.0,0.0,0.0,1.0,1.0,0.0,0.0,,
319,2022-07-05,,76.8,1.0,1.0,0.0,1.0,1.0,0.0,0.0,,
320,2022-07-06,,77.3,0.0,1.0,0.0,1.0,1.0,0.0,0.0,,
321,2022-07-07,,77.4,0.0,1.0,0.0,1.0,0.0,0.0,0.0,,esame
322,2022-07-08,,77.1,1.0,0.0,0.0,1.0,1.0,0.0,0.0,,
323,2022-07-09,,77.7,0.0,1.0,0.0,0.0,0.0,0.0,1.0,,"serata da Stefano (Elisa,Giorgia,Chiara,Stefano,Linda,GiacomoZ)"
324,2022-07-10,,77.7,0.0,1.0,0.0,0.0,0.0,0.0,0.0,,
325,2022-07-11,,77.4,1.0,1.0,0.0,1.0,1.0,0.0,0.0,,
326,2022-07-12,,77.4,1.0,1.0,0.0,1.0,1.0,0.0,0.0,,
327,2022-07-13,,77.7,0.0,1.0,0.0,1.0,2.0,0.0,0.0,,esame
328,2022-07-14,,77.6,0.0,1.0,0.0,0.0,2.0,0.0,0.0,,
329,2022-07-15,,78.0,0.0,1.0,0.0,0.0,1.0,0.0,0.0,,
330,2022-07-16,,77.7,0.0,1.0,0.0,0.0,1.0,0.0,0.0,,
331,2022-07-17,,77.8,0.0,0.0,0.0,0.0,1.0,0.0,0.0,,
332,2022-07-18,,77.8,0.0,1.0,0.0,1.0,0.0,0.0,1.0,,"aperitivo (Folena,Victor,Attilio)"
333,2022-07-19,,,0.0,0.0,0.0,0.0,1.0,0.0,1.0,,"viaggio a Rimini (Folena,Victor)"
334,2022-07-20,,,0.0,0.0,0.0,0.0,0.0,0.0,1.0,,"viaggio a Rimini (Folena,Victor)"
335,2022-07-21,,,0.0,1.0,0.0,0.0,1.0,0.0,1.0,,"viaggio a Rimini (Folena,Victor)"
336,2022-07-22,,80.8,2.0,0.0,1.0,0.0,0.0,0.0,1.0,,"viaggio a Rimini (Folena,Victor)"
337,2022-07-23,,79.6,1.0,1.0,0.0,0.0,1.0,0.0,0.0,,
338,2022-07-24,,78.4,1.0,1.0,0.0,0.0,1.0,0.0,0.0,,
339,2022-07-25,,78.2,1.0,1.0,0.0,1.0,1.0,0.0,1.0,,"esame, serata al lago (Elisa,Stefano,Linda,Maurizio)"
340,2022-07-26,,77.8,0.0,1.0,0.0,0.0,0.0,0.0,0.0,,
341,2022-07-27,,78.7,0.0,1.0,0.0,0.0,0.0,0.0,0.0,,
342,2022-07-28,,79.0,1.0,1.0,0.0,0.0,0.0,0.0,0.0,,
343,2022-07-29,,79.4,1.0,0.0,0.0,0.0,1.0,0.0,1.0,,"serata in ristorante (Stefano,Maurizio,Linda)"
344,2022-07-30,,79.8,1.0,0.0,0.0,0.0,1.0,0.0,0.0,,
345,2022-07-31,,79.6,1.0,0.0,0.0,1.0,0.0,0.0,0.0,,
346,2022-08-01,,79.2,0.0,1.0,0.0,0.0,1.0,0.0,0.0,,
347,2022-08-02,,79.2,0.0,1.0,0.0,0.0,0.0,0.0,0.0,,
348,2022-08-03,,78.8,0.0,0.0,0.0,0.0,1.0,0.0,0.0,,
349,2022-08-04,,79.1,0.0,1.0,0.0,0.0,1.0,0.0,0.0,,
350,2022-08-05,,79.0,0.0,1.0,0.0,0.0,2.0,0.0,0.0,,
351,2022-08-06,,79.0,0.0,1.0,0.0,0.0,2.0,0.0,0.0,,
352,2022-08-07,,79.2,0.0,1.0,0.0,0.0,1.0,0.0,0.0,,
353,2022-08-08,,79.0,0.0,1.0,0.0,1.0,1.0,0.0,0.0,,
354,2022-08-09,,79.2,0.0,1.0,0.0,1.0,1.0,0.0,0.0,,
355,2022-08-10,,79.2,0.0,1.0,0.0,1.0,1.0,0.0,0.0,,
356,2022-08-11,,79.2,0.0,1.0,0.0,1.0,1.0,0.0,0.0,,
357,2022-08-12,,79.2,0.0,1.0,0.0,1.0,1.0,0.0,0.0,,
358,2022-08-13,,79.7,1.0,1.0,0.0,0.0,1.0,0.0,0.0,,
359,2022-08-14,,79.2,0.0,1.0,0.0,0.0,1.0,0.0,0.0,,
360,2022-08-15,,78.9,0.0,1.0,0.0,0.0,1.0,0.0,0.0,,
361,2022-08-16,,79.1,0.0,1.0,0.0,1.0,0.0,0.0,0.0,,
362,2022-08-17,,79.3,1.0,0.0,0.0,1.0,1.0,0.0,0.0,,
363,2022-08-18,,79.6,0.0,1.0,0.0,1.0,1.0,0.0,0.0,,
364,2022-08-19,,79.3,0.0,0.0,0.0,1.0,1.0,0.0,1.0,,"serata in ristorante (Folena,Attilio)"
365,2022-08-20,,80.1,1.0,1.0,0.0,0.0,1.0,0.0,0.0,,
366,2022-08-21,,79.8,0.0,0.0,0.0,0.0,2.0,0.0,0.0,,
367,2022-08-22,,79.8,0.0,1.0,0.0,1.0,1.0,0.0,0.0,,
368,2022-08-23,,79.4,0.0,1.0,0.0,1.0,1.0,0.0,0.0,1507.0,
